System.Time_Stamp,vtti.timestamp,vtti.file_id,vtti.accel_x,vtti.accel_y,vtti.accel_z,vtti.gyro_x,vtti.gyro_y,vtti.gyro_z
1.000000,2100.000000,57049818.000000,-0.040600,-0.014500,-0.997600, , , 
2.000000,2101.000000,57049818.000000, , , ,-0.975586,0.000000,0.000000
3.000000,2192.000000,57049818.000000, , , ,-0.650391,0.000000,0.000000
4.000000,2199.000000,57049818.000000,-0.049300,-0.002900,-1.006300, , , 
5.000000,2293.000000,57049818.000000, , , ,-1.300781,-0.650391,-0.325195
6.000000,2300.000000,57049818.000000,-0.040600,-0.031900,-0.991800, , , 
7.000000,2394.000000,57049818.000000, , , ,-0.650391,-0.650391,0.325195
8.000000,2399.000000,57049818.000000,-0.046400,-0.017400,-0.980200, , , 
9.000000,2495.000000,57049818.000000, , , ,-0.325195,-0.975586,0.000000
10.000000,2500.000000,57049818.000000,-0.052200,-0.017400,-0.980200, , , 
11.000000,2596.000000,57049818.000000, , , ,-0.650391,-0.975586,0.650391
12.000000,2599.000000,57049818.000000,-0.052200,-0.008700,-0.983100, , , 
13.000000,2697.000000,57049818.000000, , , ,0.000000,0.000000,-0.325195
14.000000,2700.000000,57049818.000000,-0.060900,-0.017400,-1.000500, , , 
15.000000,2798.000000,57049818.000000, , , ,-0.650391,-0.325195,-0.325195
16.000000,2799.000000,57049818.000000,-0.043500,-0.014500,-0.988900, , , 
17.000000,2899.000000,57049818.000000, , , ,0.000000,-0.325195,0.000000
18.000000,2900.000000,57049818.000000,-0.046400,-0.029000,-0.997600, , , 
19.000000,2999.000000,57049818.000000,-0.058000,-0.011600,-1.015000, , , 
20.000000,3000.000000,57049818.000000, , , ,-0.325195,-0.325195,-0.325195
21.000000,3100.000000,57049818.000000,-0.058000,-0.017400,-1.015000, , , 
22.000000,3101.000000,57049818.000000, , , ,0.000000,0.000000,-0.325195
23.000000,3192.000000,57049818.000000, , , ,-0.650391,-0.325195,0.000000
24.000000,3199.000000,57049818.000000,-0.040600,-0.020300,-0.988900, , , 
25.000000,3293.000000,57049818.000000, , , ,-0.975586,-0.975586,0.000000
26.000000,3300.000000,57049818.000000,-0.034800,-0.020300,-0.977300, , , 
27.000000,3394.000000,57049818.000000, , , ,0.325195,-1.625977,-0.325195
28.000000,3399.000000,57049818.000000,-0.052200,0.005800,-0.991800, , , 
29.000000,3495.000000,57049818.000000, , , ,0.325195,-0.325195,0.000000
30.000000,3500.000000,57049818.000000,-0.069600,-0.026100,-1.012100, , , 
31.000000,3596.000000,57049818.000000, , , ,0.000000,0.325195,0.325195
32.000000,3599.000000,57049818.000000,-0.055100,-0.026100,-1.000500, , , 
33.000000,3697.000000,57049818.000000, , , ,-0.325195,0.000000,0.000000
34.000000,3700.000000,57049818.000000,-0.037700,-0.014500,-0.991800, , , 
35.000000,3798.000000,57049818.000000, , , ,-0.650391,-0.325195,0.325195
36.000000,3799.000000,57049818.000000,-0.029000,-0.011600,-0.980200, , , 
37.000000,3899.000000,57049818.000000, , , ,-0.325195,-1.625977,0.000000
38.000000,3900.000000,57049818.000000,-0.052200,-0.017400,-0.991800, , , 
39.000000,3999.000000,57049818.000000,-0.069600,-0.023200,-0.997600, , , 
40.000000,4000.000000,57049818.000000, , , ,-0.650391,-0.650391,-0.325195
41.000000,4100.000000,57049818.000000,-0.058000,-0.026100,-0.997600, , , 
42.000000,4101.000000,57049818.000000, , , ,-1.300781,0.000000,0.000000
43.000000,4192.000000,57049818.000000, , , ,-0.650391,0.000000,0.000000
44.000000,4199.000000,57049818.000000,-0.052200,-0.011600,-1.009200, , , 
45.000000,4293.000000,57049818.000000, , , ,-0.975586,0.000000,-0.325195
46.000000,4300.000000,57049818.000000,-0.037700,-0.020300,-1.003400, , , 
47.000000,4394.000000,57049818.000000, , , ,-0.975586,-0.650391,-0.650391
48.000000,4399.000000,57049818.000000,-0.046400,-0.008700,-1.015000, , , 
49.000000,4495.000000,57049818.000000, , , ,-1.300781,-0.650391,-0.325195
50.000000,4500.000000,57049818.000000,-0.034800,-0.023200,-0.983100, , , 
51.000000,4596.000000,57049818.000000, , , ,0.000000,-1.300781,0.000000
52.000000,4599.000000,57049818.000000,-0.026100,-0.002900,-0.968600, , , 
53.000000,4697.000000,57049818.000000, , , ,0.325195,-1.951172,-0.325195
54.000000,4700.000000,57049818.000000,-0.052200,-0.011600,-0.962800, , , 
55.000000,4798.000000,57049818.000000, , , ,0.325195,-1.300781,-0.975586
56.000000,4799.000000,57049818.000000,-0.069600,-0.020300,-0.983100, , , 
57.000000,4899.000000,57049818.000000, , , ,0.650391,0.000000,-0.975586
58.000000,4900.000000,57049818.000000,-0.066700,-0.031900,-1.009200, , , 
59.000000,4999.000000,57049818.000000,-0.043500,-0.049300,-1.009200, , , 
60.000000,5000.000000,57049818.000000, , , ,0.000000,0.650391,-0.650391
61.000000,5100.000000,57049818.000000,-0.026100,-0.034800,-0.991800, , , 
62.000000,5101.000000,57049818.000000, , , ,-0.325195,-0.325195,-0.650391
63.000000,5192.000000,57049818.000000, , , ,0.325195,-1.300781,-0.325195
64.000000,5199.000000,57049818.000000,-0.052200,-0.008700,-1.015000, , , 
65.000000,5293.000000,57049818.000000, , , ,0.000000,0.000000,0.000000
66.000000,5300.000000,57049818.000000,-0.055100,-0.031900,-0.986000, , , 
67.000000,5394.000000,57049818.000000, , , ,0.000000,-0.650391,-0.325195
68.000000,5399.000000,57049818.000000,-0.052200,-0.011600,-0.980200, , , 
69.000000,5495.000000,57049818.000000, , , ,0.000000,-0.325195,0.000000
70.000000,5500.000000,57049818.000000,-0.060900,-0.026100,-1.009200, , , 
71.000000,5596.000000,57049818.000000, , , ,0.650391,0.325195,-0.325195
72.000000,5599.000000,57049818.000000,-0.058000,-0.031900,-1.009200, , , 
73.000000,5697.000000,57049818.000000, , , ,-0.325195,0.000000,0.000000
74.000000,5700.000000,57049818.000000,-0.043500,-0.026100,-1.003400, , , 
75.000000,5798.000000,57049818.000000, , , ,-0.650391,-0.975586,0.000000
76.000000,5799.000000,57049818.000000,-0.055100,-0.023200,-1.000500, , , 
77.000000,5899.000000,57049818.000000, , , ,-0.325195,-1.625977,0.000000
78.000000,5900.000000,57049818.000000,-0.081200,-0.008700,-0.991800, , , 
79.000000,5999.000000,57049818.000000,-0.121800,-0.026100,-0.988900, , , 
80.000000,6000.000000,57049818.000000, , , ,0.000000,-1.625977,-0.325195
81.000000,6100.000000,57049818.000000,-0.147900,-0.031900,-0.977300, , , 
82.000000,6101.000000,57049818.000000, , , ,-0.650391,-0.975586,-0.325195
83.000000,6192.000000,57049818.000000, , , ,-0.650391,-0.325195,0.000000
84.000000,6199.000000,57049818.000000,-0.165300,-0.020300,-0.991800, , , 
85.000000,6293.000000,57049818.000000, , , ,-0.975586,0.000000,0.000000
86.000000,6300.000000,57049818.000000,-0.176900,-0.008700,-0.988900, , , 
87.000000,6394.000000,57049818.000000, , , ,-0.650391,0.000000,0.325195
88.000000,6399.000000,57049818.000000,-0.188500,-0.017400,-0.991800, , , 
89.000000,6495.000000,57049818.000000, , , ,-0.650391,-1.300781,0.000000
90.000000,6500.000000,57049818.000000,-0.217500,-0.020300,-0.994700, , , 
91.000000,6596.000000,57049818.000000, , , ,0.000000,-0.975586,0.000000
92.000000,6599.000000,57049818.000000,-0.226200,-0.008700,-0.988900, , , 
93.000000,6697.000000,57049818.000000, , , ,0.000000,-0.650391,0.000000
94.000000,6700.000000,57049818.000000,-0.234900,-0.005800,-0.994700, , , 
95.000000,6798.000000,57049818.000000, , , ,-0.650391,0.000000,0.000000
96.000000,6799.000000,57049818.000000,-0.234900,-0.017400,-1.003400, , , 
97.000000,6899.000000,57049818.000000, , , ,-0.650391,-0.325195,-0.325195
98.000000,6900.000000,57049818.000000,-0.232000,-0.017400,-1.000500, , , 
99.000000,6999.000000,57049818.000000,-0.217500,0.002900,-0.991800, , , 
100.000000,7000.000000,57049818.000000, , , ,0.650391,-0.650391,0.000000
101.000000,7100.000000,57049818.000000,-0.237800,-0.005800,-1.006300, , , 
102.000000,7101.000000,57049818.000000, , , ,0.000000,-0.650391,0.000000
103.000000,7192.000000,57049818.000000, , , ,-0.650391,-0.325195,0.000000
104.000000,7199.000000,57049818.000000,-0.240700,-0.023200,-0.994700, , , 
105.000000,7293.000000,57049818.000000, , , ,-0.325195,-0.325195,0.000000
106.000000,7300.000000,57049818.000000,-0.223300,-0.011600,-0.991800, , , 
107.000000,7394.000000,57049818.000000, , , ,-0.325195,-0.325195,0.000000
108.000000,7399.000000,57049818.000000,-0.240700,0.000000,-0.994700, , , 
109.000000,7495.000000,57049818.000000, , , ,-0.325195,-0.325195,0.000000
110.000000,7500.000000,57049818.000000,-0.237800,-0.026100,-1.000500, , , 
111.000000,7596.000000,57049818.000000, , , ,0.000000,-0.650391,0.325195
112.000000,7599.000000,57049818.000000,-0.223300,-0.005800,-0.991800, , , 
113.000000,7697.000000,57049818.000000, , , ,-0.650391,-1.300781,-0.325195
114.000000,7700.000000,57049818.000000,-0.229100,-0.008700,-0.980200, , , 
115.000000,7798.000000,57049818.000000, , , ,0.325195,-0.975586,0.000000
116.000000,7799.000000,57049818.000000,-0.246500,-0.014500,-0.991800, , , 
117.000000,7899.000000,57049818.000000, , , ,0.325195,-0.325195,-0.325195
118.000000,7900.000000,57049818.000000,-0.237800,-0.002900,-0.994700, , , 
119.000000,7999.000000,57049818.000000,-0.229100,-0.023200,-0.980200, , , 
120.000000,8000.000000,57049818.000000, , , ,-0.650391,-0.325195,0.000000
121.000000,8100.000000,57049818.000000,-0.229100,-0.011600,-1.000500, , , 
122.000000,8101.000000,57049818.000000, , , ,0.000000,-0.975586,0.000000
123.000000,8192.000000,57049818.000000, , , ,-0.325195,-0.975586,0.000000
124.000000,8199.000000,57049818.000000,-0.234900,0.000000,-0.994700, , , 
125.000000,8293.000000,57049818.000000, , , ,-0.325195,-0.650391,0.000000
126.000000,8300.000000,57049818.000000,-0.237800,-0.031900,-0.994700, , , 
127.000000,8394.000000,57049818.000000, , , ,-0.325195,-0.975586,0.000000
128.000000,8399.000000,57049818.000000,-0.237800,0.002900,-0.983100, , , 
129.000000,8495.000000,57049818.000000, , , ,-0.650391,-0.650391,0.000000
130.000000,8500.000000,57049818.000000,-0.246500,-0.026100,-1.003400, , , 
131.000000,8596.000000,57049818.000000, , , ,0.000000,-0.325195,0.000000
132.000000,8599.000000,57049818.000000,-0.237800,-0.002900,-0.986000, , , 
133.000000,8697.000000,57049818.000000, , , ,-0.975586,-0.650391,-0.325195
134.000000,8700.000000,57049818.000000,-0.246500,-0.014500,-0.994700, , , 
135.000000,8798.000000,57049818.000000, , , ,-0.325195,-0.650391,0.000000
136.000000,8799.000000,57049818.000000,-0.255200,-0.017400,-1.009200, , , 
137.000000,8899.000000,57049818.000000, , , ,-0.975586,-0.325195,0.000000
138.000000,8900.000000,57049818.000000,-0.258100,0.002900,-0.997600, , , 
139.000000,8999.000000,57049818.000000,-0.266800,-0.011600,-1.017900, , , 
140.000000,9000.000000,57049818.000000, , , ,0.325195,0.000000,0.000000
141.000000,9100.000000,57049818.000000,-0.263900,-0.011600,-1.006300, , , 
142.000000,9101.000000,57049818.000000, , , ,-0.650391,0.650391,0.000000
143.000000,9192.000000,57049818.000000, , , ,-0.650391,0.325195,0.000000
144.000000,9199.000000,57049818.000000,-0.249400,-0.034800,-0.986000, , , 
145.000000,9293.000000,57049818.000000, , , ,-1.951172,-0.650391,0.000000
146.000000,9300.000000,57049818.000000,-0.237800,0.000000,-0.988900, , , 
147.000000,9394.000000,57049818.000000, , , ,0.000000,-1.300781,0.000000
148.000000,9399.000000,57049818.000000,-0.240700,0.011600,-0.974400, , , 
149.000000,9495.000000,57049818.000000, , , ,-0.325195,-1.951172,0.000000
150.000000,9500.000000,57049818.000000,-0.266800,-0.002900,-0.997600, , , 
151.000000,9596.000000,57049818.000000, , , ,-0.325195,-1.300781,0.000000
152.000000,9599.000000,57049818.000000,-0.275500,-0.008700,-0.986000, , , 
153.000000,9697.000000,57049818.000000, , , ,-1.300781,-0.325195,0.000000
154.000000,9700.000000,57049818.000000,-0.272600,-0.005800,-0.980200, , , 
155.000000,9798.000000,57049818.000000, , , ,0.000000,0.000000,0.000000
156.000000,9799.000000,57049818.000000,-0.263900,0.017400,-0.980200, , , 
157.000000,9899.000000,57049818.000000, , , ,0.000000,0.000000,0.000000
158.000000,9900.000000,57049818.000000,-0.263900,-0.011600,-1.012100, , , 
159.000000,9999.000000,57049818.000000,-0.255200,-0.014500,-0.997600, , , 
160.000000,10000.000000,57049818.000000, , , ,-0.975586,0.000000,0.975586
161.000000,10100.000000,57049818.000000,-0.255200,-0.014500,-1.003400, , , 
162.000000,10101.000000,57049818.000000, , , ,0.000000,-0.650391,0.325195
163.000000,10192.000000,57049818.000000, , , ,-1.300781,-0.325195,0.000000
164.000000,10199.000000,57049818.000000,-0.249400,0.002900,-0.983100, , , 
165.000000,10293.000000,57049818.000000, , , ,-0.975586,-0.975586,0.325195
166.000000,10300.000000,57049818.000000,-0.246500,0.040600,-0.965700, , , 
167.000000,10394.000000,57049818.000000, , , ,0.000000,-0.975586,0.650391
168.000000,10399.000000,57049818.000000,-0.261000,0.043500,-0.997600, , , 
169.000000,10495.000000,57049818.000000, , , ,-0.650391,-0.650391,0.975586
170.000000,10500.000000,57049818.000000,-0.240700,-0.005800,-1.006300, , , 
171.000000,10596.000000,57049818.000000, , , ,-0.325195,-0.975586,1.625977
172.000000,10599.000000,57049818.000000,-0.234900,0.017400,-0.988900, , , 
173.000000,10697.000000,57049818.000000, , , ,-0.975586,-0.975586,1.625977
174.000000,10700.000000,57049818.000000,-0.229100,0.052200,-0.974400, , , 
175.000000,10798.000000,57049818.000000, , , ,0.000000,-0.325195,2.926758
176.000000,10799.000000,57049818.000000,-0.232000,0.069600,-0.997600, , , 
177.000000,10899.000000,57049818.000000, , , ,-0.325195,-0.325195,3.577148
178.000000,10900.000000,57049818.000000,-0.226200,0.075400,-0.994700, , , 
179.000000,10999.000000,57049818.000000,-0.205900,0.084100,-0.983100, , , 
180.000000,11000.000000,57049818.000000, , , ,-0.325195,-0.650391,5.203125
181.000000,11100.000000,57049818.000000,-0.203000,0.130500,-0.994700, , , 
182.000000,11101.000000,57049818.000000, , , ,0.000000,-0.650391,6.503906
183.000000,11192.000000,57049818.000000, , , ,-0.650391,-0.650391,8.129883
184.000000,11199.000000,57049818.000000,-0.168200,0.145000,-0.997600, , , 
185.000000,11293.000000,57049818.000000, , , ,0.000000,0.000000,9.755859
186.000000,11300.000000,57049818.000000,-0.127600,0.168200,-0.988900, , , 
187.000000,11394.000000,57049818.000000, , , ,0.000000,0.000000,12.032227
188.000000,11399.000000,57049818.000000,-0.092800,0.182700,-0.986000, , , 
189.000000,11495.000000,57049818.000000, , , ,0.325195,0.000000,14.958983
190.000000,11500.000000,57049818.000000,-0.095700,0.220400,-0.983100, , , 
191.000000,11596.000000,57049818.000000, , , ,0.975586,-0.650391,16.259766
192.000000,11599.000000,57049818.000000,-0.110200,0.249400,-0.983100, , , 
193.000000,11697.000000,57049818.000000, , , ,1.951172,-0.975586,18.861328
194.000000,11700.000000,57049818.000000,-0.124700,0.249400,-0.983100, , , 
195.000000,11798.000000,57049818.000000, , , ,0.650391,-0.650391,21.462891
196.000000,11799.000000,57049818.000000,-0.142100,0.249400,-1.000500, , , 
197.000000,11899.000000,57049818.000000, , , ,-1.300781,1.300781,22.438477
198.000000,11900.000000,57049818.000000,-0.168200,0.133400,-1.061400, , , 
199.000000,11999.000000,57049818.000000,-0.153700,0.084100,-1.102000, , , 
200.000000,12000.000000,57049818.000000, , , ,-10.406250,3.251953,24.064453
201.000000,12100.000000,57049818.000000,-0.075400,0.278400,-1.000500, , , 
202.000000,12101.000000,57049818.000000, , , ,-10.081055,3.902344,25.040039
203.000000,12192.000000,57049818.000000, , , ,-7.154297,2.601563,24.064453
204.000000,12199.000000,57049818.000000,-0.084100,0.263900,-0.980200, , , 
205.000000,12293.000000,57049818.000000, , , ,-10.081055,1.300781,24.064453
206.000000,12300.000000,57049818.000000,-0.058000,0.185600,-0.954100, , , 
207.000000,12394.000000,57049818.000000, , , ,-13.333008,0.000000,25.040039
208.000000,12399.000000,57049818.000000,-0.081200,0.234900,-1.073000, , , 
209.000000,12495.000000,57049818.000000, , , ,-7.479492,0.975586,23.739258
210.000000,12500.000000,57049818.000000,-0.176900,0.379900,-1.125200, , , 
211.000000,12596.000000,57049818.000000, , , ,-3.251953,4.877930,23.414063
212.000000,12599.000000,57049818.000000,-0.171100,0.458200,-1.023700, , , 
213.000000,12697.000000,57049818.000000, , , ,1.625977,4.877930,23.414063
214.000000,12700.000000,57049818.000000,-0.072500,0.400200,-0.907700, , , 
215.000000,12798.000000,57049818.000000, , , ,0.975586,3.577148,24.714844
216.000000,12799.000000,57049818.000000,-0.060900,0.292900,-0.861300, , , 
217.000000,12899.000000,57049818.000000, , , ,1.625977,1.625977,25.365234
218.000000,12900.000000,57049818.000000,-0.040600,0.295800,-0.971500, , , 
219.000000,12999.000000,57049818.000000,0.072500,0.266800,-0.968600, , , 
220.000000,13000.000000,57049818.000000, , , ,0.325195,-5.203125,23.739258
221.000000,13100.000000,57049818.000000,-0.017400,0.220400,-1.015000, , , 
222.000000,13101.000000,57049818.000000, , , ,2.276367,-10.406250,23.088867
223.000000,13192.000000,57049818.000000, , , ,0.000000,-9.755859,22.763672
224.000000,13199.000000,57049818.000000,-0.104400,0.179800,-1.012100, , , 
225.000000,13293.000000,57049818.000000, , , ,-4.227539,-6.178711,21.788086
226.000000,13300.000000,57049818.000000,-0.104400,0.211700,-0.928000, , , 
227.000000,13394.000000,57049818.000000, , , ,1.300781,-2.926758,20.162109
228.000000,13399.000000,57049818.000000,-0.113100,0.374100,-0.957000, , , 
229.000000,13495.000000,57049818.000000, , , ,5.853516,-2.276367,20.162109
230.000000,13500.000000,57049818.000000,-0.092800,0.359600,-0.980200, , , 
231.000000,13596.000000,57049818.000000, , , ,6.503906,-1.300781,21.462891
232.000000,13599.000000,57049818.000000,-0.098600,0.124700,-1.012100, , , 
233.000000,13697.000000,57049818.000000, , , ,-0.325195,2.276367,21.137695
234.000000,13700.000000,57049818.000000,-0.072500,0.046400,-1.006300, , , 
235.000000,13798.000000,57049818.000000, , , ,-1.300781,3.577148,19.186523
236.000000,13799.000000,57049818.000000,0.017400,0.124700,-0.997600, , , 
237.000000,13899.000000,57049818.000000, , , ,-1.951172,2.276367,18.861328
238.000000,13900.000000,57049818.000000,0.020300,0.176900,-0.977300, , , 
239.000000,13999.000000,57049818.000000,0.072500,0.234900,-1.012100, , , 
240.000000,14000.000000,57049818.000000, , , ,-1.625977,0.000000,19.511719
241.000000,14100.000000,57049818.000000,0.058000,0.240700,-0.986000, , , 
242.000000,14101.000000,57049818.000000, , , ,3.577148,-0.975586,17.235352
243.000000,14192.000000,57049818.000000, , , ,2.276367,-1.625977,15.934570
244.000000,14199.000000,57049818.000000,0.046400,0.136300,-0.959900, , , 
245.000000,14293.000000,57049818.000000, , , ,2.276367,-0.975586,15.609375
246.000000,14300.000000,57049818.000000,0.040600,0.101500,-0.951200, , , 
247.000000,14394.000000,57049818.000000, , , ,-1.300781,-1.951172,16.259766
248.000000,14399.000000,57049818.000000,0.075400,0.078300,-0.971500, , , 
249.000000,14495.000000,57049818.000000, , , ,-1.300781,-3.902344,14.958983
250.000000,14500.000000,57049818.000000,0.066700,0.121800,-1.000500, , , 
251.000000,14596.000000,57049818.000000, , , ,0.000000,-3.577148,12.682617
252.000000,14599.000000,57049818.000000,0.023200,0.159500,-1.015000, , , 
253.000000,14697.000000,57049818.000000, , , ,1.625977,-2.276367,11.056641
254.000000,14700.000000,57049818.000000,0.046400,0.081200,-0.997600, , , 
255.000000,14798.000000,57049818.000000, , , ,0.325195,-1.625977,9.755859
256.000000,14799.000000,57049818.000000,0.058000,0.023200,-0.959900, , , 
257.000000,14899.000000,57049818.000000, , , ,0.650391,-1.951172,7.804688
258.000000,14900.000000,57049818.000000,0.087000,0.026100,-0.942500, , , 
259.000000,14999.000000,57049818.000000,0.084100,0.095700,-0.945400, , , 
260.000000,15000.000000,57049818.000000, , , ,0.000000,-1.951172,5.528320
261.000000,15100.000000,57049818.000000,0.081200,0.084100,-0.983100, , , 
262.000000,15101.000000,57049818.000000, , , ,1.951172,-1.951172,5.528320
263.000000,15192.000000,57049818.000000, , , ,2.276367,-2.276367,4.227539
264.000000,15199.000000,57049818.000000,0.081200,0.000000,-1.038200, , , 
265.000000,15293.000000,57049818.000000, , , ,1.300781,-1.951172,1.951172
266.000000,15300.000000,57049818.000000,0.058000,-0.075400,-1.041100, , , 
267.000000,15394.000000,57049818.000000, , , ,-2.276367,-1.300781,2.276367
268.000000,15399.000000,57049818.000000,0.049300,-0.029000,-1.020800, , , 
269.000000,15495.000000,57049818.000000, , , ,-2.276367,0.000000,1.951172
270.000000,15500.000000,57049818.000000,0.055100,0.089900,-0.959900, , , 
271.000000,15596.000000,57049818.000000, , , ,0.975586,0.975586,0.650391
272.000000,15599.000000,57049818.000000,0.078300,0.121800,-0.928000, , , 
273.000000,15697.000000,57049818.000000, , , ,4.227539,0.650391,0.000000
274.000000,15700.000000,57049818.000000,0.098600,0.037700,-0.957000, , , 
275.000000,15798.000000,57049818.000000, , , ,2.276367,-0.650391,0.000000
276.000000,15799.000000,57049818.000000,0.124700,-0.063800,-1.017900, , , 
277.000000,15899.000000,57049818.000000, , , ,-0.325195,-2.926758,0.000000
278.000000,15900.000000,57049818.000000,0.107300,-0.075400,-1.012100, , , 
279.000000,15999.000000,57049818.000000,0.069600,-0.005800,-1.003400, , , 
280.000000,16000.000000,57049818.000000, , , ,-0.650391,-4.227539,-0.325195
281.000000,16100.000000,57049818.000000,0.026100,0.063800,-0.994700, , , 
282.000000,16101.000000,57049818.000000, , , ,-0.650391,-2.276367,0.000000
283.000000,16192.000000,57049818.000000, , , ,1.625977,0.000000,-0.325195
284.000000,16199.000000,57049818.000000,0.031900,0.075400,-0.994700, , , 
285.000000,16293.000000,57049818.000000, , , ,1.625977,1.300781,0.000000
286.000000,16300.000000,57049818.000000,0.052200,0.002900,-1.000500, , , 
287.000000,16394.000000,57049818.000000, , , ,0.000000,0.975586,0.650391
288.000000,16399.000000,57049818.000000,0.084100,-0.034800,-0.986000, , , 
289.000000,16495.000000,57049818.000000, , , ,-0.975586,0.325195,0.325195
290.000000,16500.000000,57049818.000000,0.087000,-0.002900,-0.997600, , , 
291.000000,16596.000000,57049818.000000, , , ,-0.325195,-0.325195,0.000000
292.000000,16599.000000,57049818.000000,0.087000,0.043500,-1.009200, , , 
293.000000,16697.000000,57049818.000000, , , ,1.300781,-0.975586,0.000000
294.000000,16700.000000,57049818.000000,0.078300,0.046400,-1.015000, , , 
295.000000,16798.000000,57049818.000000, , , ,0.325195,-0.325195,0.975586
296.000000,16799.000000,57049818.000000,0.066700,-0.026100,-1.006300, , , 
297.000000,16899.000000,57049818.000000, , , ,-0.650391,-0.325195,0.325195
298.000000,16900.000000,57049818.000000,0.052200,-0.026100,-0.994700, , , 
299.000000,16999.000000,57049818.000000,0.052200,0.037700,-0.997600, , , 
300.000000,17000.000000,57049818.000000, , , ,-0.325195,0.325195,0.000000
301.000000,17100.000000,57049818.000000,0.069600,0.020300,-1.015000, , , 
302.000000,17101.000000,57049818.000000, , , ,-0.650391,0.650391,0.000000
303.000000,17192.000000,57049818.000000, , , ,-0.325195,0.650391,0.000000
304.000000,17199.000000,57049818.000000,0.081200,0.002900,-1.003400, , , 
305.000000,17293.000000,57049818.000000, , , ,0.000000,0.325195,0.325195
306.000000,17300.000000,57049818.000000,0.078300,0.005800,-1.006300, , , 
307.000000,17394.000000,57049818.000000, , , ,-1.625977,-0.325195,0.325195
308.000000,17399.000000,57049818.000000,0.078300,-0.011600,-1.000500, , , 
309.000000,17495.000000,57049818.000000, , , ,-0.975586,-0.650391,0.325195
310.000000,17500.000000,57049818.000000,0.078300,0.023200,-0.983100, , , 
311.000000,17596.000000,57049818.000000, , , ,0.650391,-0.975586,0.325195
312.000000,17599.000000,57049818.000000,0.066700,0.037700,-0.997600, , , 
313.000000,17697.000000,57049818.000000, , , ,-0.325195,-0.975586,0.325195
314.000000,17700.000000,57049818.000000,0.066700,0.011600,-1.006300, , , 
315.000000,17798.000000,57049818.000000, , , ,-0.650391,-0.975586,0.325195
316.000000,17799.000000,57049818.000000,0.072500,-0.005800,-0.971500, , , 
317.000000,17899.000000,57049818.000000, , , ,-2.601563,-1.625977,0.325195
318.000000,17900.000000,57049818.000000,0.072500,-0.020300,-0.968600, , , 
319.000000,17999.000000,57049818.000000,0.058000,0.066700,-1.000500, , , 
320.000000,18000.000000,57049818.000000, , , ,-1.300781,-1.300781,0.325195
321.000000,18100.000000,57049818.000000,0.055100,0.043500,-1.015000, , , 
322.000000,18101.000000,57049818.000000, , , ,0.650391,-0.975586,0.000000
323.000000,18192.000000,57049818.000000, , , ,-0.325195,-0.325195,0.325195
324.000000,18199.000000,57049818.000000,0.046400,0.000000,-1.009200, , , 
325.000000,18293.000000,57049818.000000, , , ,0.000000,0.325195,0.325195
326.000000,18300.000000,57049818.000000,0.046400,0.002900,-0.988900, , , 
327.000000,18394.000000,57049818.000000, , , ,-0.325195,0.325195,0.000000
328.000000,18399.000000,57049818.000000,0.040600,0.029000,-1.023700, , , 
329.000000,18495.000000,57049818.000000, , , ,-0.975586,0.650391,0.000000
330.000000,18500.000000,57049818.000000,0.087000,0.002900,-0.988900, , , 
331.000000,18596.000000,57049818.000000, , , ,-0.325195,-0.975586,0.000000
332.000000,18599.000000,57049818.000000,0.066700,0.034800,-0.994700, , , 
333.000000,18697.000000,57049818.000000, , , ,0.000000,-0.975586,-0.325195
334.000000,18700.000000,57049818.000000,0.063800,0.002900,-0.997600, , , 
335.000000,18798.000000,57049818.000000, , , ,0.325195,-0.650391,0.000000
336.000000,18799.000000,57049818.000000,0.052200,0.017400,-1.003400, , , 
337.000000,18899.000000,57049818.000000, , , ,-0.650391,-0.325195,-0.325195
338.000000,18900.000000,57049818.000000,0.029000,-0.037700,-1.015000, , , 
339.000000,18999.000000,57049818.000000,0.055100,0.017400,-0.986000, , , 
340.000000,19000.000000,57049818.000000, , , ,-0.650391,0.325195,-0.650391
341.000000,19100.000000,57049818.000000,0.066700,0.020300,-0.968600, , , 
342.000000,19101.000000,57049818.000000, , , ,0.650391,0.000000,-0.650391
343.000000,19192.000000,57049818.000000, , , ,0.000000,-0.650391,-0.325195
344.000000,19199.000000,57049818.000000,0.060900,0.000000,-1.006300, , , 
345.000000,19293.000000,57049818.000000, , , ,0.325195,-1.300781,-0.650391
346.000000,19300.000000,57049818.000000,0.058000,0.005800,-1.006300, , , 
347.000000,19394.000000,57049818.000000, , , ,-0.650391,-0.975586,-0.650391
348.000000,19399.000000,57049818.000000,0.043500,-0.011600,-0.991800, , , 
349.000000,19495.000000,57049818.000000, , , ,-0.975586,-0.650391,-0.650391
350.000000,19500.000000,57049818.000000,0.046400,-0.017400,-0.974400, , , 
351.000000,19596.000000,57049818.000000, , , ,-1.951172,-0.325195,-0.650391
352.000000,19599.000000,57049818.000000,0.034800,0.014500,-1.015000, , , 
353.000000,19697.000000,57049818.000000, , , ,-0.325195,0.000000,-0.650391
354.000000,19700.000000,57049818.000000,0.046400,0.046400,-1.015000, , , 
355.000000,19798.000000,57049818.000000, , , ,0.975586,0.000000,0.000000
356.000000,19799.000000,57049818.000000,0.049300,0.066700,-0.983100, , , 
357.000000,19899.000000,57049818.000000, , , ,0.325195,-0.650391,0.325195
358.000000,19900.000000,57049818.000000,0.078300,-0.026100,-0.977300, , , 
359.000000,19999.000000,57049818.000000,0.063800,0.037700,-0.977300, , , 
360.000000,20000.000000,57049818.000000, , , ,-0.325195,-1.951172,0.000000
361.000000,20100.000000,57049818.000000,0.040600,0.000000,-0.994700, , , 
362.000000,20101.000000,57049818.000000, , , ,0.000000,-2.601563,0.000000
363.000000,20192.000000,57049818.000000, , , ,-1.300781,-2.276367,-0.650391
364.000000,20199.000000,57049818.000000,0.031900,0.040600,-0.983100, , , 
365.000000,20293.000000,57049818.000000, , , ,2.601563,0.000000,0.000000
366.000000,20300.000000,57049818.000000,0.005800,0.034800,-1.012100, , , 
367.000000,20394.000000,57049818.000000, , , ,0.650391,0.975586,0.325195
368.000000,20399.000000,57049818.000000,0.023200,-0.008700,-1.015000, , , 
369.000000,20495.000000,57049818.000000, , , ,-0.650391,0.975586,0.325195
370.000000,20500.000000,57049818.000000,0.046400,-0.046400,-1.012100, , , 
371.000000,20596.000000,57049818.000000, , , ,-1.300781,0.000000,-0.325195
372.000000,20599.000000,57049818.000000,0.037700,0.049300,-1.006300, , , 
373.000000,20697.000000,57049818.000000, , , ,0.000000,-0.650391,-0.650391
374.000000,20700.000000,57049818.000000,0.029000,0.040600,-1.000500, , , 
375.000000,20798.000000,57049818.000000, , , ,-0.650391,-1.625977,-0.325195
376.000000,20799.000000,57049818.000000,0.014500,-0.023200,-0.971500, , , 
377.000000,20899.000000,57049818.000000, , , ,-0.975586,-0.975586,0.650391
378.000000,20900.000000,57049818.000000,0.000000,0.023200,-0.991800, , , 
379.000000,20999.000000,57049818.000000,-0.017400,-0.002900,-1.006300, , , 
380.000000,21000.000000,57049818.000000, , , ,-1.951172,-0.650391,0.325195
381.000000,21100.000000,57049818.000000,-0.020300,0.014500,-0.959900, , , 
382.000000,21101.000000,57049818.000000, , , ,-1.300781,-0.650391,0.000000
383.000000,21192.000000,57049818.000000, , , ,-1.951172,-1.300781,0.000000
384.000000,21199.000000,57049818.000000,0.000000,0.031900,-0.968600, , , 
385.000000,21293.000000,57049818.000000, , , ,0.000000,-1.951172,-0.325195
386.000000,21300.000000,57049818.000000,0.000000,0.040600,-0.997600, , , 
387.000000,21394.000000,57049818.000000, , , ,-0.975586,-1.951172,0.325195
388.000000,21399.000000,57049818.000000,-0.008700,0.000000,-0.986000, , , 
389.000000,21495.000000,57049818.000000, , , ,-1.625977,-0.975586,0.000000
390.000000,21500.000000,57049818.000000,0.000000,0.029000,-0.968600, , , 
391.000000,21596.000000,57049818.000000, , , ,-1.300781,-1.951172,-0.325195
392.000000,21599.000000,57049818.000000,-0.002900,0.005800,-0.968600, , , 
393.000000,21697.000000,57049818.000000, , , ,-1.951172,-1.951172,0.000000
394.000000,21700.000000,57049818.000000,0.002900,0.043500,-0.974400, , , 
395.000000,21798.000000,57049818.000000, , , ,-0.325195,-1.951172,-0.650391
396.000000,21799.000000,57049818.000000,-0.008700,0.037700,-0.980200, , , 
397.000000,21899.000000,57049818.000000, , , ,-0.975586,-1.951172,-0.325195
398.000000,21900.000000,57049818.000000,0.000000,0.034800,-0.959900, , , 
399.000000,21999.000000,57049818.000000,-0.008700,0.055100,-0.968600, , , 
400.000000,22000.000000,57049818.000000, , , ,0.000000,-2.601563,-0.325195
401.000000,22100.000000,57049818.000000,-0.023200,0.063800,-1.009200, , , 
402.000000,22101.000000,57049818.000000, , , ,0.650391,-1.625977,0.000000
403.000000,22192.000000,57049818.000000, , , ,1.300781,-0.650391,0.000000
404.000000,22199.000000,57049818.000000,-0.017400,0.014500,-0.983100, , , 
405.000000,22293.000000,57049818.000000, , , ,-1.951172,0.000000,0.000000
406.000000,22300.000000,57049818.000000,-0.008700,0.000000,-0.991800, , , 
407.000000,22394.000000,57049818.000000, , , ,-0.325195,0.975586,0.000000
408.000000,22399.000000,57049818.000000,-0.023200,0.066700,-1.064300, , , 
409.000000,22495.000000,57049818.000000, , , ,-0.975586,1.951172,0.000000
410.000000,22500.000000,57049818.000000,-0.014500,0.046400,-1.049800, , , 
411.000000,22596.000000,57049818.000000, , , ,-0.650391,1.625977,0.000000
412.000000,22599.000000,57049818.000000,0.011600,0.037700,-1.003400, , , 
413.000000,22697.000000,57049818.000000, , , ,-0.975586,0.325195,0.000000
414.000000,22700.000000,57049818.000000,0.037700,0.037700,-1.009200, , , 
415.000000,22798.000000,57049818.000000, , , ,-0.975586,0.000000,0.325195
416.000000,22799.000000,57049818.000000,0.017400,0.026100,-1.017900, , , 
417.000000,22899.000000,57049818.000000, , , ,-3.577148,0.000000,0.325195
418.000000,22900.000000,57049818.000000,-0.037700,0.029000,-1.067200, , , 
419.000000,22999.000000,57049818.000000,-0.066700,0.142100,-1.093300, , , 
420.000000,23000.000000,57049818.000000, , , ,-1.300781,3.251953,0.000000
421.000000,23100.000000,57049818.000000,0.037700,0.101500,-0.968600, , , 
422.000000,23101.000000,57049818.000000, , , ,2.276367,4.227539,0.000000
423.000000,23192.000000,57049818.000000, , , ,0.325195,0.650391,0.650391
424.000000,23199.000000,57049818.000000,0.078300,0.005800,-0.959900, , , 
425.000000,23293.000000,57049818.000000, , , ,0.000000,-3.902344,1.625977
426.000000,23300.000000,57049818.000000,0.040600,0.075400,-1.035300, , , 
427.000000,23394.000000,57049818.000000, , , ,0.650391,-3.251953,1.300781
428.000000,23399.000000,57049818.000000,-0.072500,0.098600,-0.977300, , , 
429.000000,23495.000000,57049818.000000, , , ,1.625977,1.951172,1.300781
430.000000,23500.000000,57049818.000000,-0.055100,0.075400,-1.046900, , , 
431.000000,23596.000000,57049818.000000, , , ,1.625977,1.951172,0.975586
432.000000,23599.000000,57049818.000000,0.037700,0.098600,-0.948300, , , 
433.000000,23697.000000,57049818.000000, , , ,0.975586,-0.975586,1.625977
434.000000,23700.000000,57049818.000000,0.040600,-0.002900,-0.983100, , , 
435.000000,23798.000000,57049818.000000, , , ,-5.528320,-5.203125,1.300781
436.000000,23799.000000,57049818.000000,0.046400,-0.020300,-0.965700, , , 
437.000000,23899.000000,57049818.000000, , , ,0.975586,-4.552734,1.300781
438.000000,23900.000000,57049818.000000,-0.040600,0.185600,-0.922200, , , 
439.000000,23999.000000,57049818.000000,-0.017400,0.034800,-0.919300, , , 
440.000000,24000.000000,57049818.000000, , , ,0.975586,-3.902344,0.000000
441.000000,24100.000000,57049818.000000,-0.034800,-0.005800,-0.942500, , , 
442.000000,24101.000000,57049818.000000, , , ,-1.300781,-2.926758,1.625977
443.000000,24192.000000,57049818.000000, , , ,-0.325195,-2.601563,0.325195
444.000000,24199.000000,57049818.000000,-0.031900,0.121800,-0.971500, , , 
445.000000,24293.000000,57049818.000000, , , ,1.300781,-1.300781,0.325195
446.000000,24300.000000,57049818.000000,-0.017400,0.049300,-0.968600, , , 
447.000000,24394.000000,57049818.000000, , , ,-0.325195,-1.625977,0.325195
448.000000,24399.000000,57049818.000000,-0.023200,-0.011600,-0.997600, , , 
449.000000,24495.000000,57049818.000000, , , ,1.951172,-1.625977,0.000000
450.000000,24500.000000,57049818.000000,0.000000,0.101500,-0.962800, , , 
451.000000,24596.000000,57049818.000000, , , ,1.300781,-2.601563,-0.325195
452.000000,24599.000000,57049818.000000,-0.005800,-0.017400,-0.957000, , , 
453.000000,24697.000000,57049818.000000, , , ,-0.975586,-2.926758,0.000000
454.000000,24700.000000,57049818.000000,0.000000,-0.023200,-0.968600, , , 
455.000000,24798.000000,57049818.000000, , , ,-0.325195,-2.926758,-0.650391
456.000000,24799.000000,57049818.000000,-0.026100,0.066700,-0.951200, , , 
457.000000,24899.000000,57049818.000000, , , ,0.000000,-1.625977,-0.975586
458.000000,24900.000000,57049818.000000,-0.037700,0.031900,-1.000500, , , 
459.000000,24999.000000,57049818.000000,-0.029000,-0.023200,-1.006300, , , 
460.000000,25000.000000,57049818.000000, , , ,-0.650391,-0.325195,-0.650391
461.000000,25100.000000,57049818.000000,-0.034800,0.031900,-1.012100, , , 
462.000000,25101.000000,57049818.000000, , , ,-2.276367,0.650391,0.000000
463.000000,25192.000000,57049818.000000, , , ,-0.975586,0.975586,0.000000
464.000000,25199.000000,57049818.000000,-0.014500,0.066700,-1.015000, , , 
465.000000,25293.000000,57049818.000000, , , ,-0.650391,0.000000,0.000000
466.000000,25300.000000,57049818.000000,0.011600,0.052200,-0.988900, , , 
467.000000,25394.000000,57049818.000000, , , ,-0.975586,-1.625977,0.000000
468.000000,25399.000000,57049818.000000,-0.005800,0.034800,-0.974400, , , 
469.000000,25495.000000,57049818.000000, , , ,-0.650391,-2.601563,0.000000
470.000000,25500.000000,57049818.000000,-0.008700,0.052200,-0.962800, , , 
471.000000,25596.000000,57049818.000000, , , ,-0.325195,-2.276367,0.000000
472.000000,25599.000000,57049818.000000,-0.023200,0.046400,-0.977300, , , 
473.000000,25697.000000,57049818.000000, , , ,0.000000,-0.975586,0.000000
474.000000,25700.000000,57049818.000000,-0.043500,0.046400,-1.009200, , , 
475.000000,25798.000000,57049818.000000, , , ,-1.300781,0.325195,0.000000
476.000000,25799.000000,57049818.000000,-0.029000,0.011600,-1.003400, , , 
477.000000,25899.000000,57049818.000000, , , ,-0.975586,0.325195,-0.325195
478.000000,25900.000000,57049818.000000,-0.026100,0.034800,-0.988900, , , 
479.000000,25999.000000,57049818.000000,0.002900,0.058000,-1.006300, , , 
480.000000,26000.000000,57049818.000000, , , ,-0.975586,-0.325195,-0.650391
481.000000,26100.000000,57049818.000000,-0.017400,0.020300,-1.012100, , , 
482.000000,26101.000000,57049818.000000, , , ,0.325195,-0.975586,-0.650391
483.000000,26192.000000,57049818.000000, , , ,-2.601563,-0.325195,-0.650391
484.000000,26199.000000,57049818.000000,-0.026100,-0.017400,-1.026600, , , 
485.000000,26293.000000,57049818.000000, , , ,-2.926758,0.325195,-0.975586
486.000000,26300.000000,57049818.000000,-0.026100,0.037700,-0.980200, , , 
487.000000,26394.000000,57049818.000000, , , ,-1.951172,-0.325195,-1.300781
488.000000,26399.000000,57049818.000000,-0.023200,0.017400,-0.983100, , , 
489.000000,26495.000000,57049818.000000, , , ,-2.926758,-1.300781,-1.300781
490.000000,26500.000000,57049818.000000,-0.017400,0.000000,-1.003400, , , 
491.000000,26596.000000,57049818.000000, , , ,-4.552734,-0.975586,-1.300781
492.000000,26599.000000,57049818.000000,-0.058000,0.014500,-1.026600, , , 
493.000000,26697.000000,57049818.000000, , , ,0.000000,2.276367,-1.951172
494.000000,26700.000000,57049818.000000,-0.113100,0.142100,-1.122300, , , 
495.000000,26798.000000,57049818.000000, , , ,0.975586,6.503906,-1.951172
496.000000,26799.000000,57049818.000000,-0.084100,0.026100,-1.104900, , , 
497.000000,26899.000000,57049818.000000, , , ,0.650391,5.853516,-1.951172
498.000000,26900.000000,57049818.000000,0.023200,0.002900,-1.009200, , , 
499.000000,26999.000000,57049818.000000,0.072500,0.043500,-0.994700, , , 
500.000000,27000.000000,57049818.000000, , , ,0.650391,0.000000,-2.926758
501.000000,27100.000000,57049818.000000,-0.017400,0.049300,-1.000500, , , 
502.000000,27101.000000,57049818.000000, , , ,3.251953,-2.276367,-1.951172
503.000000,27192.000000,57049818.000000, , , ,2.601563,-2.926758,-2.276367
504.000000,27199.000000,57049818.000000,-0.084100,-0.011600,-0.968600, , , 
505.000000,27293.000000,57049818.000000, , , ,0.650391,-0.325195,-2.276367
506.000000,27300.000000,57049818.000000,-0.060900,-0.002900,-0.959900, , , 
507.000000,27394.000000,57049818.000000, , , ,0.000000,0.325195,-1.300781
508.000000,27399.000000,57049818.000000,-0.043500,0.060900,-0.977300, , , 
509.000000,27495.000000,57049818.000000, , , ,1.300781,-0.650391,-0.650391
510.000000,27500.000000,57049818.000000,-0.023200,0.072500,-1.026600, , , 
511.000000,27596.000000,57049818.000000, , , ,0.975586,-0.650391,0.000000
512.000000,27599.000000,57049818.000000,-0.063800,0.055100,-1.029500, , , 
513.000000,27697.000000,57049818.000000, , , ,0.325195,0.000000,0.325195
514.000000,27700.000000,57049818.000000,-0.058000,0.078300,-1.000500, , , 
515.000000,27798.000000,57049818.000000, , , ,0.325195,0.325195,0.650391
516.000000,27799.000000,57049818.000000,-0.060900,0.063800,-1.000500, , , 
517.000000,27899.000000,57049818.000000, , , ,-0.325195,-0.650391,1.625977
518.000000,27900.000000,57049818.000000,-0.037700,0.072500,-0.994700, , , 
519.000000,27999.000000,57049818.000000,-0.049300,0.104400,-1.006300, , , 
520.000000,28000.000000,57049818.000000, , , ,0.975586,-0.325195,1.625977
521.000000,28100.000000,57049818.000000,-0.043500,0.055100,-1.006300, , , 
522.000000,28101.000000,57049818.000000, , , ,-0.650391,-0.975586,1.951172
523.000000,28192.000000,57049818.000000, , , ,-0.650391,-0.325195,2.601563
524.000000,28199.000000,57049818.000000,-0.055100,0.087000,-0.983100, , , 
525.000000,28293.000000,57049818.000000, , , ,-0.975586,-0.975586,2.276367
526.000000,28300.000000,57049818.000000,-0.043500,0.089900,-0.986000, , , 
527.000000,28394.000000,57049818.000000, , , ,-0.650391,-0.975586,2.926758
528.000000,28399.000000,57049818.000000,-0.046400,0.107300,-0.988900, , , 
529.000000,28495.000000,57049818.000000, , , ,0.325195,-0.975586,2.601563
530.000000,28500.000000,57049818.000000,-0.055100,0.081200,-1.003400, , , 
531.000000,28596.000000,57049818.000000, , , ,-1.951172,0.000000,2.601563
532.000000,28599.000000,57049818.000000,-0.069600,0.066700,-1.012100, , , 
533.000000,28697.000000,57049818.000000, , , ,-1.625977,0.650391,2.926758
534.000000,28700.000000,57049818.000000,-0.043500,0.110200,-0.988900, , , 
535.000000,28798.000000,57049818.000000, , , ,0.000000,-0.325195,1.951172
536.000000,28799.000000,57049818.000000,-0.040600,0.107300,-0.988900, , , 
537.000000,28899.000000,57049818.000000, , , ,0.975586,-0.975586,2.276367
538.000000,28900.000000,57049818.000000,-0.031900,0.084100,-0.997600, , , 
539.000000,28999.000000,57049818.000000,-0.046400,0.063800,-0.988900, , , 
540.000000,29000.000000,57049818.000000, , , ,-0.650391,-1.300781,1.951172
541.000000,29100.000000,57049818.000000,-0.034800,0.075400,-0.957000, , , 
542.000000,29101.000000,57049818.000000, , , ,-0.325195,-1.625977,1.951172
543.000000,29192.000000,57049818.000000, , , ,-0.650391,-1.625977,1.625977
544.000000,29199.000000,57049818.000000,-0.060900,0.078300,-0.997600, , , 
545.000000,29293.000000,57049818.000000, , , ,0.325195,-0.975586,1.300781
546.000000,29300.000000,57049818.000000,-0.055100,0.075400,-0.991800, , , 
547.000000,29394.000000,57049818.000000, , , ,0.325195,-0.325195,0.975586
548.000000,29399.000000,57049818.000000,-0.052200,0.037700,-0.983100, , , 
549.000000,29495.000000,57049818.000000, , , ,-0.650391,0.000000,0.325195
550.000000,29500.000000,57049818.000000,-0.040600,0.031900,-1.000500, , , 
551.000000,29596.000000,57049818.000000, , , ,0.000000,-0.325195,0.000000
552.000000,29599.000000,57049818.000000,-0.034800,0.040600,-1.003400, , , 
553.000000,29697.000000,57049818.000000, , , ,-0.325195,-0.975586,0.000000
554.000000,29700.000000,57049818.000000,-0.043500,0.029000,-0.991800, , , 
555.000000,29798.000000,57049818.000000, , , ,-0.650391,-0.975586,-0.325195
556.000000,29799.000000,57049818.000000,-0.049300,0.005800,-1.000500, , , 
557.000000,29899.000000,57049818.000000, , , ,0.650391,-0.650391,-1.300781
558.000000,29900.000000,57049818.000000,-0.034800,0.026100,-0.983100, , , 
559.000000,29999.000000,57049818.000000,-0.046400,-0.066700,-0.986000, , , 
560.000000,30000.000000,57049818.000000, , , ,0.000000,-0.650391,-2.601563
561.000000,30100.000000,57049818.000000,-0.040600,-0.081200,-0.977300, , , 
562.000000,30101.000000,57049818.000000, , , ,-0.975586,-1.300781,-3.577148
563.000000,30192.000000,57049818.000000, , , ,-0.975586,-1.300781,-4.552734
564.000000,30199.000000,57049818.000000,-0.052200,-0.069600,-0.997600, , , 
565.000000,30293.000000,57049818.000000, , , ,0.325195,-0.975586,-6.178711
566.000000,30300.000000,57049818.000000,-0.055100,-0.087000,-0.991800, , , 
567.000000,30394.000000,57049818.000000, , , ,-0.325195,-0.975586,-6.503906
568.000000,30399.000000,57049818.000000,-0.060900,-0.098600,-1.006300, , , 
569.000000,30495.000000,57049818.000000, , , ,-0.325195,0.000000,-7.154297
570.000000,30500.000000,57049818.000000,-0.060900,-0.072500,-0.997600, , , 
571.000000,30596.000000,57049818.000000, , , ,-0.325195,-0.325195,-6.503906
572.000000,30599.000000,57049818.000000,-0.058000,-0.121800,-0.994700, , , 
573.000000,30697.000000,57049818.000000, , , ,-0.650391,-0.650391,-8.455078
574.000000,30700.000000,57049818.000000,-0.034800,-0.124700,-0.971500, , , 
575.000000,30798.000000,57049818.000000, , , ,-0.650391,-1.625977,-9.105469
576.000000,30799.000000,57049818.000000,-0.040600,-0.121800,-0.986000, , , 
577.000000,30899.000000,57049818.000000, , , ,0.000000,-1.625977,-9.755859
578.000000,30900.000000,57049818.000000,-0.055100,-0.133400,-1.000500, , , 
579.000000,30999.000000,57049818.000000,-0.066700,-0.142100,-0.980200, , , 
580.000000,31000.000000,57049818.000000, , , ,0.000000,-1.625977,-10.406250
581.000000,31100.000000,57049818.000000,-0.087000,-0.188500,-0.997600, , , 
582.000000,31101.000000,57049818.000000, , , ,-1.625977,-0.325195,-10.731445
583.000000,31192.000000,57049818.000000, , , ,0.000000,0.650391,-11.056641
584.000000,31199.000000,57049818.000000,-0.060900,-0.124700,-1.015000, , , 
585.000000,31293.000000,57049818.000000, , , ,-0.650391,0.000000,-11.707031
586.000000,31300.000000,57049818.000000,-0.040600,-0.165300,-1.003400, , , 
587.000000,31394.000000,57049818.000000, , , ,-0.325195,-0.325195,-12.032227
588.000000,31399.000000,57049818.000000,-0.034800,-0.171100,-0.980200, , , 
589.000000,31495.000000,57049818.000000, , , ,-0.650391,-1.951172,-12.032227
590.000000,31500.000000,57049818.000000,-0.037700,-0.153700,-0.986000, , , 
591.000000,31596.000000,57049818.000000, , , ,-2.601563,-2.601563,-12.357422
592.000000,31599.000000,57049818.000000,-0.058000,-0.203000,-0.983100, , , 
593.000000,31697.000000,57049818.000000, , , ,-3.902344,-0.650391,-11.707031
594.000000,31700.000000,57049818.000000,-0.136300,-0.147900,-1.073000, , , 
595.000000,31798.000000,57049818.000000, , , ,1.300781,4.227539,-12.357422
596.000000,31799.000000,57049818.000000,-0.159500,-0.037700,-1.139700, , , 
597.000000,31899.000000,57049818.000000, , , ,0.650391,8.455078,-12.357422
598.000000,31900.000000,57049818.000000,-0.089900,-0.159500,-1.061400, , , 
599.000000,31999.000000,57049818.000000,0.011600,-0.139200,-0.997600, , , 
600.000000,32000.000000,57049818.000000, , , ,1.625977,6.829102,-11.056641
601.000000,32100.000000,57049818.000000,0.075400,-0.139200,-0.974400, , , 
602.000000,32101.000000,57049818.000000, , , ,0.000000,-0.325195,-12.032227
603.000000,32192.000000,57049818.000000, , , ,0.650391,-4.877930,-9.755859
604.000000,32199.000000,57049818.000000,0.005800,-0.136300,-0.980200, , , 
605.000000,32293.000000,57049818.000000, , , ,1.625977,-6.829102,-11.707031
606.000000,32300.000000,57049818.000000,-0.063800,-0.124700,-0.942500, , , 
607.000000,32394.000000,57049818.000000, , , ,-0.325195,-4.552734,-11.381836
608.000000,32399.000000,57049818.000000,-0.092800,-0.182700,-0.942500, , , 
609.000000,32495.000000,57049818.000000, , , ,-0.650391,-1.625977,-11.381836
610.000000,32500.000000,57049818.000000,-0.081200,-0.150800,-0.962800, , , 
611.000000,32596.000000,57049818.000000, , , ,-1.300781,0.000000,-10.731445
612.000000,32599.000000,57049818.000000,-0.069600,-0.145000,-1.003400, , , 
613.000000,32697.000000,57049818.000000, , , ,-0.975586,0.000000,-11.056641
614.000000,32700.000000,57049818.000000,-0.052200,-0.133400,-0.997600, , , 
615.000000,32798.000000,57049818.000000, , , ,-0.650391,-0.975586,-10.731445
616.000000,32799.000000,57049818.000000,-0.023200,-0.127600,-0.997600, , , 
617.000000,32899.000000,57049818.000000, , , ,-0.650391,-0.650391,-10.731445
618.000000,32900.000000,57049818.000000,-0.052200,-0.078300,-1.015000, , , 
619.000000,32999.000000,57049818.000000,-0.055100,-0.069600,-1.006300, , , 
620.000000,33000.000000,57049818.000000, , , ,3.251953,-0.650391,-11.056641
621.000000,33100.000000,57049818.000000,-0.058000,-0.165300,-0.986000, , , 
622.000000,33101.000000,57049818.000000, , , ,-0.650391,-0.650391,-10.731445
623.000000,33192.000000,57049818.000000, , , ,0.325195,0.000000,-10.731445
624.000000,33199.000000,57049818.000000,-0.066700,-0.165300,-1.012100, , , 
625.000000,33293.000000,57049818.000000, , , ,-0.325195,0.000000,-11.381836
626.000000,33300.000000,57049818.000000,-0.049300,-0.095700,-0.991800, , , 
627.000000,33394.000000,57049818.000000, , , ,0.650391,-0.975586,-11.707031
628.000000,33399.000000,57049818.000000,-0.026100,-0.176900,-0.977300, , , 
629.000000,33495.000000,57049818.000000, , , ,-0.650391,-1.625977,-10.081055
630.000000,33500.000000,57049818.000000,-0.043500,-0.179800,-1.000500, , , 
631.000000,33596.000000,57049818.000000, , , ,-1.300781,-1.625977,-10.081055
632.000000,33599.000000,57049818.000000,-0.058000,-0.145000,-1.006300, , , 
633.000000,33697.000000,57049818.000000, , , ,-0.975586,-1.300781,-12.032227
634.000000,33700.000000,57049818.000000,-0.063800,-0.142100,-0.991800, , , 
635.000000,33798.000000,57049818.000000, , , ,-0.975586,-0.650391,-11.707031
636.000000,33799.000000,57049818.000000,-0.058000,-0.136300,-0.988900, , , 
637.000000,33899.000000,57049818.000000, , , ,-0.650391,-0.650391,-11.707031
638.000000,33900.000000,57049818.000000,-0.031900,-0.130500,-0.959900, , , 
639.000000,33999.000000,57049818.000000,-0.046400,-0.130500,-0.997600, , , 
640.000000,34000.000000,57049818.000000, , , ,0.000000,-1.625977,-11.707031
641.000000,34100.000000,57049818.000000,-0.052200,-0.136300,-1.012100, , , 
642.000000,34101.000000,57049818.000000, , , ,-0.650391,-1.625977,-12.032227
643.000000,34192.000000,57049818.000000, , , ,0.000000,-0.975586,-11.707031
644.000000,34199.000000,57049818.000000,-0.063800,-0.145000,-1.009200, , , 
645.000000,34293.000000,57049818.000000, , , ,-0.975586,-0.325195,-9.755859
646.000000,34300.000000,57049818.000000,-0.058000,-0.118900,-0.968600, , , 
647.000000,34394.000000,57049818.000000, , , ,-0.325195,-0.325195,-11.707031
648.000000,34399.000000,57049818.000000,-0.040600,-0.133400,-0.986000, , , 
649.000000,34495.000000,57049818.000000, , , ,-0.975586,-0.325195,-11.707031
650.000000,34500.000000,57049818.000000,-0.055100,-0.116000,-1.012100, , , 
651.000000,34596.000000,57049818.000000, , , ,0.000000,0.000000,-10.081055
652.000000,34599.000000,57049818.000000,-0.037700,-0.124700,-0.986000, , , 
653.000000,34697.000000,57049818.000000, , , ,-0.975586,-1.300781,-11.381836
654.000000,34700.000000,57049818.000000,-0.046400,-0.130500,-0.997600, , , 
655.000000,34798.000000,57049818.000000, , , ,-1.951172,-0.975586,-10.406250
656.000000,34799.000000,57049818.000000,-0.060900,-0.113100,-1.003400, , , 
657.000000,34899.000000,57049818.000000, , , ,-1.300781,-0.975586,-10.406250
658.000000,34900.000000,57049818.000000,-0.037700,-0.084100,-0.974400, , , 
659.000000,34999.000000,57049818.000000,-0.040600,-0.072500,-0.968600, , , 
660.000000,35000.000000,57049818.000000, , , ,-1.300781,-1.300781,-10.081055
661.000000,35100.000000,57049818.000000,-0.037700,-0.063800,-0.983100, , , 
662.000000,35101.000000,57049818.000000, , , ,-0.325195,-1.625977,-10.081055
663.000000,35192.000000,57049818.000000, , , ,-0.325195,-1.625977,-9.430664
664.000000,35199.000000,57049818.000000,-0.049300,-0.072500,-1.006300, , , 
665.000000,35293.000000,57049818.000000, , , ,-0.325195,-0.975586,-8.780273
666.000000,35300.000000,57049818.000000,-0.052200,-0.060900,-0.988900, , , 
667.000000,35394.000000,57049818.000000, , , ,-0.325195,-0.975586,-8.780273
668.000000,35399.000000,57049818.000000,-0.046400,-0.095700,-0.980200, , , 
669.000000,35495.000000,57049818.000000, , , ,-0.650391,-0.650391,-8.455078
670.000000,35500.000000,57049818.000000,-0.055100,-0.040600,-0.986000, , , 
671.000000,35596.000000,57049818.000000, , , ,0.325195,-0.975586,-8.455078
672.000000,35599.000000,57049818.000000,-0.043500,-0.037700,-1.000500, , , 
673.000000,35697.000000,57049818.000000, , , ,-0.650391,-0.325195,-7.479492
674.000000,35700.000000,57049818.000000,-0.052200,-0.060900,-1.026600, , , 
675.000000,35798.000000,57049818.000000, , , ,-0.975586,0.000000,-6.178711
676.000000,35799.000000,57049818.000000,-0.049300,-0.017400,-1.006300, , , 
677.000000,35899.000000,57049818.000000, , , ,0.000000,0.000000,-5.528320
678.000000,35900.000000,57049818.000000,-0.037700,0.011600,-0.991800, , , 
679.000000,35999.000000,57049818.000000,-0.029000,-0.011600,-0.971500, , , 
680.000000,36000.000000,57049818.000000, , , ,0.325195,-0.325195,-5.528320
681.000000,36100.000000,57049818.000000,-0.034800,-0.026100,-1.003400, , , 
682.000000,36101.000000,57049818.000000, , , ,1.300781,-1.625977,-5.853516
683.000000,36192.000000,57049818.000000, , , ,-0.325195,-1.300781,-5.203125
684.000000,36199.000000,57049818.000000,-0.052200,-0.031900,-1.029500, , , 
685.000000,36293.000000,57049818.000000, , , ,-0.325195,-0.650391,-4.227539
686.000000,36300.000000,57049818.000000,-0.046400,0.000000,-0.991800, , , 
687.000000,36394.000000,57049818.000000, , , ,0.000000,-0.325195,-4.552734
688.000000,36399.000000,57049818.000000,-0.043500,-0.011600,-0.980200, , , 
689.000000,36495.000000,57049818.000000, , , ,0.975586,-0.325195,-5.203125
690.000000,36500.000000,57049818.000000,-0.031900,-0.017400,-0.983100, , , 
691.000000,36596.000000,57049818.000000, , , ,1.300781,-0.975586,-5.853516
692.000000,36599.000000,57049818.000000,-0.020300,-0.052200,-1.006300, , , 
693.000000,36697.000000,57049818.000000, , , ,0.325195,-1.300781,-6.178711
694.000000,36700.000000,57049818.000000,-0.023200,-0.092800,-1.006300, , , 
695.000000,36798.000000,57049818.000000, , , ,1.300781,-0.975586,-7.154297
696.000000,36799.000000,57049818.000000,-0.049300,-0.087000,-0.986000, , , 
697.000000,36899.000000,57049818.000000, , , ,0.650391,-0.325195,-8.455078
698.000000,36900.000000,57049818.000000,-0.052200,-0.127600,-1.009200, , , 
699.000000,36999.000000,57049818.000000,-0.043500,-0.124700,-0.974400, , , 
700.000000,37000.000000,57049818.000000, , , ,-0.975586,-0.650391,-8.455078
701.000000,37100.000000,57049818.000000,-0.046400,-0.046400,-1.009200, , , 
702.000000,37101.000000,57049818.000000, , , ,-0.975586,-0.325195,-8.129883
703.000000,37192.000000,57049818.000000, , , ,0.975586,-0.650391,-8.780273
704.000000,37199.000000,57049818.000000,-0.029000,-0.052200,-0.980200, , , 
705.000000,37293.000000,57049818.000000, , , ,0.000000,-1.951172,-8.455078
706.000000,37300.000000,57049818.000000,-0.034800,-0.092800,-0.986000, , , 
707.000000,37394.000000,57049818.000000, , , ,-0.975586,-0.650391,-6.829102
708.000000,37399.000000,57049818.000000,-0.066700,-0.098600,-1.035300, , , 
709.000000,37495.000000,57049818.000000, , , ,-2.601563,0.000000,-6.829102
710.000000,37500.000000,57049818.000000,-0.058000,-0.066700,-1.006300, , , 
711.000000,37596.000000,57049818.000000, , , ,-2.601563,0.325195,-6.829102
712.000000,37599.000000,57049818.000000,-0.052200,0.005800,-0.974400, , , 
713.000000,37697.000000,57049818.000000, , , ,0.650391,0.325195,-6.503906
714.000000,37700.000000,57049818.000000,-0.031900,0.014500,-1.003400, , , 
715.000000,37798.000000,57049818.000000, , , ,0.325195,-0.975586,-6.178711
716.000000,37799.000000,57049818.000000,-0.017400,-0.040600,-0.988900, , , 
717.000000,37899.000000,57049818.000000, , , ,0.325195,-1.625977,-4.227539
718.000000,37900.000000,57049818.000000,-0.078300,-0.069600,-1.017900, , , 
719.000000,37999.000000,57049818.000000,-0.124700,-0.055100,-1.026600, , , 
720.000000,38000.000000,57049818.000000, , , ,0.000000,-0.975586,-5.853516
721.000000,38100.000000,57049818.000000,-0.110200,-0.023200,-0.986000, , , 
722.000000,38101.000000,57049818.000000, , , ,0.000000,-0.325195,-6.178711
723.000000,38192.000000,57049818.000000, , , ,0.650391,0.325195,-5.853516
724.000000,38199.000000,57049818.000000,-0.101500,-0.031900,-0.974400, , , 
725.000000,38293.000000,57049818.000000, , , ,0.975586,-0.325195,-5.853516
726.000000,38300.000000,57049818.000000,-0.098600,-0.031900,-0.983100, , , 
727.000000,38394.000000,57049818.000000, , , ,-0.325195,-1.300781,-4.227539
728.000000,38399.000000,57049818.000000,-0.116000,-0.066700,-1.015000, , , 
729.000000,38495.000000,57049818.000000, , , ,0.000000,-1.951172,-5.203125
730.000000,38500.000000,57049818.000000,-0.145000,-0.040600,-1.000500, , , 
731.000000,38596.000000,57049818.000000, , , ,0.000000,-1.951172,-5.853516
732.000000,38599.000000,57049818.000000,-0.165300,-0.037700,-0.974400, , , 
733.000000,38697.000000,57049818.000000, , , ,0.000000,-0.975586,-4.552734
734.000000,38700.000000,57049818.000000,-0.185600,-0.034800,-0.997600, , , 
735.000000,38798.000000,57049818.000000, , , ,0.000000,-0.650391,-5.203125
736.000000,38799.000000,57049818.000000,-0.174000,-0.040600,-0.986000, , , 
737.000000,38899.000000,57049818.000000, , , ,0.000000,0.000000,-5.528320
738.000000,38900.000000,57049818.000000,-0.182700,-0.031900,-1.006300, , , 
739.000000,38999.000000,57049818.000000,-0.176900,-0.060900,-0.986000, , , 
740.000000,39000.000000,57049818.000000, , , ,-1.951172,-0.650391,-5.203125
741.000000,39100.000000,57049818.000000,-0.162400,-0.017400,-0.977300, , , 
742.000000,39101.000000,57049818.000000, , , ,-0.975586,-0.975586,-5.203125
743.000000,39192.000000,57049818.000000, , , ,-0.650391,-1.625977,-5.528320
744.000000,39199.000000,57049818.000000,-0.188500,0.000000,-0.991800, , , 
745.000000,39293.000000,57049818.000000, , , ,-0.325195,-1.300781,-4.877930
746.000000,39300.000000,57049818.000000,-0.185600,-0.014500,-1.017900, , , 
747.000000,39394.000000,57049818.000000, , , ,-0.975586,-0.975586,-4.552734
748.000000,39399.000000,57049818.000000,-0.162400,-0.046400,-0.983100, , , 
749.000000,39495.000000,57049818.000000, , , ,-1.951172,-0.975586,-4.552734
750.000000,39500.000000,57049818.000000,-0.179800,-0.011600,-0.980200, , , 
751.000000,39596.000000,57049818.000000, , , ,-1.951172,-0.650391,-4.552734
752.000000,39599.000000,57049818.000000,-0.197200,0.002900,-1.003400, , , 
753.000000,39697.000000,57049818.000000, , , ,-0.325195,0.000000,-4.227539
754.000000,39700.000000,57049818.000000,-0.174000,0.046400,-1.000500, , , 
755.000000,39798.000000,57049818.000000, , , ,0.000000,-0.975586,-4.227539
756.000000,39799.000000,57049818.000000,-0.159500,0.011600,-0.980200, , , 
757.000000,39899.000000,57049818.000000, , , ,0.000000,-0.650391,-3.902344
758.000000,39900.000000,57049818.000000,-0.188500,-0.017400,-1.006300, , , 
759.000000,39999.000000,57049818.000000,-0.185600,0.014500,-1.006300, , , 
760.000000,40000.000000,57049818.000000, , , ,-0.975586,0.000000,-3.251953
761.000000,40100.000000,57049818.000000,-0.156600,0.029000,-0.983100, , , 
762.000000,40101.000000,57049818.000000, , , ,0.000000,-0.325195,-2.926758
763.000000,40192.000000,57049818.000000, , , ,0.000000,-0.975586,-3.251953
764.000000,40199.000000,57049818.000000,-0.179800,0.046400,-1.000500, , , 
765.000000,40293.000000,57049818.000000, , , ,0.975586,-0.650391,-2.926758
766.000000,40300.000000,57049818.000000,-0.188500,-0.002900,-1.003400, , , 
767.000000,40394.000000,57049818.000000, , , ,-0.650391,-0.325195,-2.926758
768.000000,40399.000000,57049818.000000,-0.174000,0.000000,-0.983100, , , 
769.000000,40495.000000,57049818.000000, , , ,-0.650391,0.000000,-2.276367
770.000000,40500.000000,57049818.000000,-0.165300,0.005800,-0.983100, , , 
771.000000,40596.000000,57049818.000000, , , ,0.325195,-0.650391,-2.601563
772.000000,40599.000000,57049818.000000,-0.182700,0.060900,-1.006300, , , 
773.000000,40697.000000,57049818.000000, , , ,0.650391,0.000000,-1.951172
774.000000,40700.000000,57049818.000000,-0.188500,0.063800,-1.000500, , , 
775.000000,40798.000000,57049818.000000, , , ,-0.650391,-0.325195,-0.650391
776.000000,40799.000000,57049818.000000,-0.176900,0.043500,-0.991800, , , 
777.000000,40899.000000,57049818.000000, , , ,-0.325195,-0.650391,0.325195
778.000000,40900.000000,57049818.000000,-0.174000,0.075400,-1.000500, , , 
779.000000,40999.000000,57049818.000000,-0.156600,0.087000,-0.988900, , , 
780.000000,41000.000000,57049818.000000, , , ,0.000000,-0.325195,0.650391
781.000000,41100.000000,57049818.000000,-0.121800,0.110200,-0.980200, , , 
782.000000,41101.000000,57049818.000000, , , ,-1.300781,-0.325195,2.926758
783.000000,41192.000000,57049818.000000, , , ,0.325195,-0.325195,4.552734
784.000000,41199.000000,57049818.000000,-0.098600,0.136300,-0.988900, , , 
785.000000,41293.000000,57049818.000000, , , ,0.000000,-0.325195,5.528320
786.000000,41300.000000,57049818.000000,-0.095700,0.142100,-1.006300, , , 
787.000000,41394.000000,57049818.000000, , , ,0.325195,-0.325195,7.804688
788.000000,41399.000000,57049818.000000,-0.078300,0.145000,-1.009200, , , 
789.000000,41495.000000,57049818.000000, , , ,0.325195,0.000000,9.755859
790.000000,41500.000000,57049818.000000,-0.069600,0.159500,-0.977300, , , 
791.000000,41596.000000,57049818.000000, , , ,0.650391,-0.975586,10.081055
792.000000,41599.000000,57049818.000000,-0.069600,0.147900,-0.974400, , , 
793.000000,41697.000000,57049818.000000, , , ,0.650391,-0.975586,11.056641
794.000000,41700.000000,57049818.000000,-0.069600,0.127600,-0.988900, , , 
795.000000,41798.000000,57049818.000000, , , ,0.650391,-0.975586,11.381836
796.000000,41799.000000,57049818.000000,-0.063800,0.095700,-0.986000, , , 
797.000000,41899.000000,57049818.000000, , , ,-1.300781,-0.325195,11.707031
798.000000,41900.000000,57049818.000000,-0.066700,0.069600,-1.017900, , , 
799.000000,41999.000000,57049818.000000,-0.060900,0.127600,-1.020800, , , 
800.000000,42000.000000,57049818.000000, , , ,-0.975586,0.000000,12.032227
801.000000,42100.000000,57049818.000000,-0.049300,0.147900,-0.988900, , , 
802.000000,42101.000000,57049818.000000, , , ,-0.325195,-0.325195,11.056641
803.000000,42201.000000,57049818.000000,-0.052200,0.118900,-0.980200, , , 
804.000000,42202.000000,57049818.000000, , , ,1.300781,-0.975586,11.707031
805.000000,42292.000000,57049818.000000, , , ,0.000000,-0.650391,11.707031
806.000000,42299.000000,57049818.000000,-0.049300,0.089900,-0.983100, , , 
807.000000,42393.000000,57049818.000000, , , ,-1.951172,-0.650391,11.707031
808.000000,42400.000000,57049818.000000,-0.026100,0.069600,-0.959900, , , 
809.000000,42494.000000,57049818.000000, , , ,0.000000,0.000000,11.056641
810.000000,42499.000000,57049818.000000,-0.072500,0.171100,-1.012100, , , 
811.000000,42595.000000,57049818.000000, , , ,1.951172,1.300781,11.056641
812.000000,42600.000000,57049818.000000,-0.063800,0.124700,-1.029500, , , 
813.000000,42696.000000,57049818.000000, , , ,-0.325195,0.000000,12.357422
814.000000,42699.000000,57049818.000000,-0.031900,0.060900,-1.032400, , , 
815.000000,42797.000000,57049818.000000, , , ,0.000000,-1.300781,11.707031
816.000000,42800.000000,57049818.000000,-0.026100,0.095700,-0.988900, , , 
817.000000,42898.000000,57049818.000000, , , ,-0.650391,-0.975586,10.731445
818.000000,42899.000000,57049818.000000,-0.037700,0.101500,-0.957000, , , 
819.000000,42999.000000,57049818.000000, , , ,-0.650391,-0.650391,11.707031
820.000000,43000.000000,57049818.000000,-0.040600,0.130500,-0.948300, , , 
821.000000,43099.000000,57049818.000000,-0.046400,0.121800,-1.000500, , , 
822.000000,43100.000000,57049818.000000, , , ,-0.325195,0.000000,12.032227
823.000000,43200.000000,57049818.000000,-0.029000,0.104400,-1.032400, , , 
824.000000,43201.000000,57049818.000000, , , ,-0.325195,0.325195,12.032227
825.000000,43292.000000,57049818.000000, , , ,-0.325195,-0.975586,12.032227
826.000000,43299.000000,57049818.000000,-0.008700,0.095700,-1.006300, , , 
827.000000,43393.000000,57049818.000000, , , ,0.000000,-1.951172,11.381836
828.000000,43400.000000,57049818.000000,-0.014500,0.124700,-0.986000, , , 
829.000000,43494.000000,57049818.000000, , , ,0.325195,-1.951172,11.381836
830.000000,43499.000000,57049818.000000,-0.034800,0.104400,-0.983100, , , 
831.000000,43595.000000,57049818.000000, , , ,0.325195,-1.300781,11.707031
832.000000,43600.000000,57049818.000000,-0.034800,0.110200,-0.977300, , , 
833.000000,43696.000000,57049818.000000, , , ,-0.325195,-0.975586,11.056641
834.000000,43699.000000,57049818.000000,-0.043500,0.049300,-0.991800, , , 
835.000000,43797.000000,57049818.000000, , , ,-2.601563,0.000000,11.056641
836.000000,43800.000000,57049818.000000,-0.034800,0.055100,-1.012100, , , 
837.000000,43898.000000,57049818.000000, , , ,-1.951172,0.000000,10.731445
838.000000,43899.000000,57049818.000000,-0.043500,0.121800,-1.035300, , , 
839.000000,43999.000000,57049818.000000, , , ,1.625977,0.650391,9.430664
840.000000,44000.000000,57049818.000000,-0.029000,0.145000,-1.012100, , , 
841.000000,44099.000000,57049818.000000,-0.017400,0.075400,-0.980200, , , 
842.000000,44100.000000,57049818.000000, , , ,2.601563,0.650391,8.455078
843.000000,44200.000000,57049818.000000,-0.023200,-0.029000,-0.977300, , , 
844.000000,44201.000000,57049818.000000, , , ,1.300781,0.000000,7.479492
845.000000,44292.000000,57049818.000000, , , ,-0.325195,0.000000,6.178711
846.000000,44299.000000,57049818.000000,0.000000,-0.008700,-0.968600, , , 
847.000000,44393.000000,57049818.000000, , , ,-1.300781,0.000000,4.877930
848.000000,44400.000000,57049818.000000,-0.026100,0.040600,-0.994700, , , 
849.000000,44494.000000,57049818.000000, , , ,-1.951172,0.650391,5.853516
850.000000,44499.000000,57049818.000000,-0.005800,0.060900,-1.006300, , , 
851.000000,44595.000000,57049818.000000, , , ,-1.625977,0.325195,5.528320
852.000000,44600.000000,57049818.000000,0.002900,0.055100,-1.003400, , , 
853.000000,44696.000000,57049818.000000, , , ,0.000000,-0.325195,3.902344
854.000000,44699.000000,57049818.000000,0.017400,0.058000,-1.009200, , , 
855.000000,44797.000000,57049818.000000, , , ,0.650391,-2.276367,2.276367
856.000000,44800.000000,57049818.000000,0.020300,0.046400,-0.983100, , , 
857.000000,44898.000000,57049818.000000, , , ,0.650391,-2.926758,2.601563
858.000000,44899.000000,57049818.000000,-0.005800,0.037700,-0.977300, , , 
859.000000,44999.000000,57049818.000000, , , ,-0.650391,-1.625977,2.601563
860.000000,45000.000000,57049818.000000,-0.017400,0.000000,-0.986000, , , 
861.000000,45099.000000,57049818.000000,-0.014500,0.011600,-0.994700, , , 
862.000000,45100.000000,57049818.000000, , , ,-1.625977,-0.650391,1.951172
863.000000,45200.000000,57049818.000000,0.000000,0.046400,-0.997600, , , 
864.000000,45201.000000,57049818.000000, , , ,0.650391,-0.325195,0.650391
865.000000,45292.000000,57049818.000000, , , ,1.625977,-0.975586,0.650391
866.000000,45299.000000,57049818.000000,0.008700,0.011600,-0.991800, , , 
867.000000,45393.000000,57049818.000000, , , ,0.000000,-1.951172,0.325195
868.000000,45400.000000,57049818.000000,0.005800,-0.002900,-0.986000, , , 
869.000000,45494.000000,57049818.000000, , , ,0.000000,-2.601563,-0.975586
870.000000,45499.000000,57049818.000000,0.002900,0.008700,-0.980200, , , 
871.000000,45595.000000,57049818.000000, , , ,0.000000,-1.625977,-1.300781
872.000000,45600.000000,57049818.000000,-0.023200,0.017400,-1.000500, , , 
873.000000,45696.000000,57049818.000000, , , ,-0.975586,-0.325195,-0.325195
874.000000,45699.000000,57049818.000000,-0.011600,0.008700,-1.012100, , , 
875.000000,45797.000000,57049818.000000, , , ,-1.300781,-0.325195,-0.650391
876.000000,45800.000000,57049818.000000,0.000000,0.008700,-0.983100, , , 
877.000000,45898.000000,57049818.000000, , , ,-0.325195,-0.975586,-1.300781
878.000000,45899.000000,57049818.000000,0.005800,0.043500,-0.977300, , , 
879.000000,45999.000000,57049818.000000, , , ,0.000000,-1.625977,-0.975586
880.000000,46000.000000,57049818.000000,0.011600,0.040600,-0.980200, , , 
881.000000,46099.000000,57049818.000000,0.000000,0.026100,-0.991800, , , 
882.000000,46100.000000,57049818.000000, , , ,-0.325195,-1.951172,-0.650391
883.000000,46200.000000,57049818.000000,-0.029000,0.005800,-1.020800, , , 
884.000000,46201.000000,57049818.000000, , , ,0.000000,-0.975586,-0.650391
885.000000,46292.000000,57049818.000000, , , ,0.000000,-0.325195,-0.975586
886.000000,46299.000000,57049818.000000,-0.005800,0.075400,-0.983100, , , 
887.000000,46393.000000,57049818.000000, , , ,2.926758,-0.325195,-0.975586
888.000000,46400.000000,57049818.000000,0.017400,0.040600,-0.965700, , , 
889.000000,46494.000000,57049818.000000, , , ,0.650391,-1.951172,-0.325195
890.000000,46499.000000,57049818.000000,0.005800,-0.020300,-0.997600, , , 
891.000000,46595.000000,57049818.000000, , , ,0.000000,-1.625977,-0.325195
892.000000,46600.000000,57049818.000000,0.005800,-0.020300,-1.012100, , , 
893.000000,46696.000000,57049818.000000, , , ,-0.325195,-0.975586,-0.650391
894.000000,46699.000000,57049818.000000,-0.008700,-0.005800,-1.003400, , , 
895.000000,46797.000000,57049818.000000, , , ,-2.601563,-0.650391,-0.650391
896.000000,46800.000000,57049818.000000,-0.002900,0.005800,-0.968600, , , 
897.000000,46898.000000,57049818.000000, , , ,-1.300781,-0.975586,-0.325195
898.000000,46899.000000,57049818.000000,0.014500,0.066700,-0.980200, , , 
899.000000,46999.000000,57049818.000000, , , ,-0.975586,-0.650391,-0.650391
900.000000,47000.000000,57049818.000000,-0.037700,0.031900,-1.052700, , , 
901.000000,47099.000000,57049818.000000,-0.023200,0.060900,-1.003400, , , 
902.000000,47100.000000,57049818.000000, , , ,0.650391,0.000000,-0.650391
903.000000,47200.000000,57049818.000000,-0.014500,0.072500,-1.003400, , , 
904.000000,47201.000000,57049818.000000, , , ,4.552734,1.300781,-0.975586
905.000000,47292.000000,57049818.000000, , , ,1.625977,0.650391,0.000000
906.000000,47299.000000,57049818.000000,0.023200,0.008700,-0.971500, , , 
907.000000,47393.000000,57049818.000000, , , ,1.300781,0.000000,0.000000
908.000000,47400.000000,57049818.000000,0.002900,-0.095700,-0.991800, , , 
909.000000,47494.000000,57049818.000000, , , ,-3.251953,0.000000,-0.650391
910.000000,47499.000000,57049818.000000,-0.011600,-0.026100,-1.000500, , , 
911.000000,47595.000000,57049818.000000, , , ,-1.951172,0.650391,-0.650391
912.000000,47600.000000,57049818.000000,-0.008700,0.031900,-0.971500, , , 
913.000000,47696.000000,57049818.000000, , , ,-2.276367,-0.975586,-0.325195
914.000000,47699.000000,57049818.000000,0.037700,0.052200,-0.997600, , , 
915.000000,47797.000000,57049818.000000, , , ,-1.625977,-2.276367,0.650391
916.000000,47800.000000,57049818.000000,-0.029000,0.081200,-1.035300, , , 
917.000000,47898.000000,57049818.000000, , , ,2.926758,-0.650391,-0.650391
918.000000,47899.000000,57049818.000000,-0.034800,0.118900,-1.020800, , , 
919.000000,47999.000000,57049818.000000, , , ,2.926758,0.000000,0.000000
920.000000,48000.000000,57049818.000000,-0.020300,0.052200,-0.957000, , , 
921.000000,48099.000000,57049818.000000,0.005800,-0.043500,-0.939600, , , 
922.000000,48100.000000,57049818.000000, , , ,1.625977,-0.650391,1.951172
923.000000,48200.000000,57049818.000000,-0.011600,-0.026100,-0.994700, , , 
924.000000,48201.000000,57049818.000000, , , ,-2.926758,-1.625977,1.951172
925.000000,48292.000000,57049818.000000, , , ,-3.577148,-2.276367,2.276367
926.000000,48299.000000,57049818.000000,-0.017400,0.063800,-0.986000, , , 
927.000000,48393.000000,57049818.000000, , , ,-4.877930,-1.951172,3.902344
928.000000,48400.000000,57049818.000000,-0.020300,0.107300,-0.959900, , , 
929.000000,48494.000000,57049818.000000, , , ,-0.975586,-2.926758,5.203125
930.000000,48499.000000,57049818.000000,-0.046400,0.229100,-1.026600, , , 
931.000000,48595.000000,57049818.000000, , , ,2.276367,-2.601563,5.853516
932.000000,48600.000000,57049818.000000,-0.066700,0.179800,-1.026600, , , 
933.000000,48696.000000,57049818.000000, , , ,1.951172,-1.300781,7.154297
934.000000,48699.000000,57049818.000000,-0.075400,0.078300,-1.000500, , , 
935.000000,48797.000000,57049818.000000, , , ,1.625977,0.000000,8.129883
936.000000,48800.000000,57049818.000000,-0.075400,0.078300,-0.983100, , , 
937.000000,48898.000000,57049818.000000, , , ,-0.650391,0.325195,7.154297
938.000000,48899.000000,57049818.000000,-0.037700,0.008700,-0.965700, , , 
939.000000,48999.000000,57049818.000000, , , ,-1.951172,0.000000,7.804688
940.000000,49000.000000,57049818.000000,-0.031900,0.063800,-0.971500, , , 
941.000000,49099.000000,57049818.000000,-0.034800,0.104400,-0.994700, , , 
942.000000,49100.000000,57049818.000000, , , ,-2.276367,0.000000,8.455078
943.000000,49200.000000,57049818.000000,-0.046400,0.145000,-1.035300, , , 
944.000000,49201.000000,57049818.000000, , , ,-1.300781,-0.650391,8.129883
945.000000,49292.000000,57049818.000000, , , ,0.000000,0.000000,9.755859
946.000000,49299.000000,57049818.000000,-0.037700,0.156600,-1.000500, , , 
947.000000,49393.000000,57049818.000000, , , ,-0.325195,-1.300781,10.081055
948.000000,49400.000000,57049818.000000,-0.037700,0.104400,-0.971500, , , 
949.000000,49494.000000,57049818.000000, , , ,0.325195,-1.300781,10.406250
950.000000,49499.000000,57049818.000000,-0.046400,0.179800,-0.983100, , , 
951.000000,49595.000000,57049818.000000, , , ,0.000000,-0.650391,11.056641
952.000000,49600.000000,57049818.000000,-0.037700,0.116000,-0.965700, , , 
953.000000,49696.000000,57049818.000000, , , ,0.650391,-0.975586,11.381836
954.000000,49699.000000,57049818.000000,-0.037700,0.136300,-1.000500, , , 
955.000000,49797.000000,57049818.000000, , , ,0.325195,-0.975586,11.381836
956.000000,49800.000000,57049818.000000,-0.023200,0.092800,-0.988900, , , 
957.000000,49898.000000,57049818.000000, , , ,0.650391,-2.276367,10.731445
958.000000,49899.000000,57049818.000000,0.000000,0.118900,-0.968600, , , 
959.000000,49999.000000,57049818.000000, , , ,-0.975586,-2.926758,11.381836
960.000000,50000.000000,57049818.000000,-0.052200,0.084100,-1.003400, , , 
961.000000,50099.000000,57049818.000000,-0.037700,0.118900,-0.986000, , , 
962.000000,50100.000000,57049818.000000, , , ,-0.975586,-1.625977,11.056641
963.000000,50200.000000,57049818.000000,-0.058000,0.156600,-1.003400, , , 
964.000000,50201.000000,57049818.000000, , , ,0.325195,-0.975586,11.056641
965.000000,50292.000000,57049818.000000, , , ,0.325195,-0.975586,11.381836
966.000000,50299.000000,57049818.000000,-0.040600,0.142100,-0.991800, , , 
967.000000,50393.000000,57049818.000000, , , ,1.300781,-0.650391,11.381836
968.000000,50400.000000,57049818.000000,-0.031900,0.104400,-0.977300, , , 
969.000000,50494.000000,57049818.000000, , , ,-0.650391,-1.300781,11.381836
970.000000,50499.000000,57049818.000000,-0.026100,0.095700,-0.974400, , , 
971.000000,50595.000000,57049818.000000, , , ,-0.650391,-0.325195,11.056641
972.000000,50600.000000,57049818.000000,-0.034800,0.081200,-0.991800, , , 
973.000000,50696.000000,57049818.000000, , , ,-3.251953,-0.325195,11.056641
974.000000,50699.000000,57049818.000000,-0.046400,0.095700,-1.020800, , , 
975.000000,50797.000000,57049818.000000, , , ,-1.300781,0.000000,10.731445
976.000000,50800.000000,57049818.000000,-0.029000,0.156600,-1.029500, , , 
977.000000,50898.000000,57049818.000000, , , ,0.000000,0.000000,9.755859
978.000000,50899.000000,57049818.000000,-0.029000,0.165300,-0.997600, , , 
979.000000,50999.000000,57049818.000000, , , ,2.926758,0.325195,9.755859
980.000000,51000.000000,57049818.000000,-0.063800,0.142100,-1.009200, , , 
981.000000,51099.000000,57049818.000000,-0.040600,0.058000,-0.991800, , , 
982.000000,51100.000000,57049818.000000, , , ,0.650391,1.300781,10.081055
983.000000,51200.000000,57049818.000000,-0.014500,0.058000,-0.965700, , , 
984.000000,51201.000000,57049818.000000, , , ,-1.300781,1.300781,9.755859
985.000000,51292.000000,57049818.000000, , , ,-2.926758,0.325195,9.430664
986.000000,51299.000000,57049818.000000,0.005800,0.092800,-0.965700, , , 
987.000000,51393.000000,57049818.000000, , , ,-1.300781,-1.300781,9.105469
988.000000,51400.000000,57049818.000000,0.000000,0.153700,-0.991800, , , 
989.000000,51494.000000,57049818.000000, , , ,0.000000,-1.951172,8.780273
990.000000,51499.000000,57049818.000000,-0.040600,0.168200,-1.035300, , , 
991.000000,51595.000000,57049818.000000, , , ,0.975586,-1.300781,8.129883
992.000000,51600.000000,57049818.000000,-0.055100,0.118900,-1.041100, , , 
993.000000,51696.000000,57049818.000000, , , ,1.300781,-0.650391,7.804688
994.000000,51699.000000,57049818.000000,-0.043500,0.072500,-0.997600, , , 
995.000000,51797.000000,57049818.000000, , , ,0.000000,0.000000,7.804688
996.000000,51800.000000,57049818.000000,-0.037700,0.055100,-0.974400, , , 
997.000000,51898.000000,57049818.000000, , , ,-0.975586,0.975586,7.154297
998.000000,51899.000000,57049818.000000,-0.040600,0.063800,-0.968600, , , 
999.000000,51999.000000,57049818.000000, , , ,-1.300781,1.625977,6.503906
1000.000000,52000.000000,57049818.000000,-0.029000,0.092800,-0.991800, , , 
1001.000000,52099.000000,57049818.000000,-0.005800,0.124700,-1.017900, , , 
1002.000000,52100.000000,57049818.000000, , , ,-0.325195,0.975586,6.178711
1003.000000,52200.000000,57049818.000000,-0.002900,0.075400,-1.012100, , , 
1004.000000,52201.000000,57049818.000000, , , ,0.000000,-0.650391,5.853516
1005.000000,52292.000000,57049818.000000, , , ,0.000000,-1.625977,5.528320
1006.000000,52299.000000,57049818.000000,-0.020300,0.058000,-0.991800, , , 
1007.000000,52393.000000,57049818.000000, , , ,-1.300781,-0.650391,5.203125
1008.000000,52400.000000,57049818.000000,-0.029000,0.029000,-0.983100, , , 
1009.000000,52494.000000,57049818.000000, , , ,-1.625977,-0.975586,4.552734
1010.000000,52499.000000,57049818.000000,-0.043500,0.081200,-1.003400, , , 
1011.000000,52595.000000,57049818.000000, , , ,-0.325195,0.325195,3.577148
1012.000000,52600.000000,57049818.000000,-0.043500,0.084100,-1.017900, , , 
1013.000000,52696.000000,57049818.000000, , , ,0.325195,0.000000,2.926758
1014.000000,52699.000000,57049818.000000,0.005800,0.069600,-0.988900, , , 
1015.000000,52797.000000,57049818.000000, , , ,0.000000,-0.325195,2.276367
1016.000000,52800.000000,57049818.000000,-0.008700,0.000000,-0.983100, , , 
1017.000000,52898.000000,57049818.000000, , , ,-1.625977,-0.975586,1.951172
1018.000000,52899.000000,57049818.000000,-0.026100,0.046400,-0.997600, , , 
